Timestamp,ReviewText,Rating,Sentiment
2026-09-29T01:22:32.462826,Unique gadget with peculiar design.,5,Positive
2026-09-29T01:24:58.363778,"Should be given zero star. It displays that the battery is 48V but actually it is 20 V. It lasts for 10 minutes and hardly cuts a small portion. The blades are of poor quality and have rusted in one use. The box does not display the address of the seller and Amazon is also helpless in the matter.

So this toy has no warranty is useless. Don't buy this or any similar products.",1,Negative
2026-09-29T01:25:55.173829,"Very reliable grass trimmer
I have used it 3 times till now and working very fine mostly with steel blade for all kinds of grass",5,Positive
2026-09-29T01:26:58.286194,"Disappointed with the Battery
The machine itself works reasonably well and does a decent job of cutting grass. However, I found some serious issues with the battery and the included accessories.

The seller claims that the battery is 48V. However, after opening the battery pack, I found that it contains only five small 4V batteries/cells, which adds up to just 20V, not 48V.

In addition, two batteries were provided, and one of them was completely damaged and unusable.

The nut opener is also missing from the package.

Overall, the machine itself cuts grass fairly well, but the misleading battery specification, damaged battery, and missing accessory are major disappointments. I expected the product to match the specifications provided by the seller and to arrive with all the necessary accessories.",2,Negative
2026-09-29T01:28:24.270605,"Washing well, it's not for washing machine, good for hand wash. Packing and service is fine. Thanks to Amazon facility and seller.",5,Positive
2026-09-29T01:30:06.658528,"Best Ayurveda natural indigo powder
I recently tried the Attar Ayurveda Pure & Natural Indigo Powder, and I am very impressed with the results.

100% Natural & Chemical-Free - This product is completely free from parabens, SLS, and harmful chemicals. Being NON-GMO and made from pure natural ingredients, it feels very safe to use on hair.

Great for Hair Coloring - When used along with henna, it gives a rich, natural-looking dark brown to black shade without any side effects. Unlike chemical dyes, it doesn't cause itching, irritation, or dryness.

Improves Hair Health Apart from coloring. it also makes hair softer, shinier, and stronger. It doesn't damage hair like chemical dyes often do.

Packaging & Quality The packaging is simple but informative. The powder inside is very fine and easy to apply.

This is a wonderful natural alternative to chemical hair dyes. Safe, effective, and nourishing perfect for anyone looking for a herbal solution for grey coverage and overall hair care. Highly recommended!
very good and usefull product",5,Positive
2026-09-29T01:31:04.605620,"Completely ineffective
I purchased this indigo powder specifically to turn my hair from henna-red to black. I followed the usual two-step process: first applying henna and then applying indigo over it.

Even after keeping the indigo on my hair for around 2 hours, there was practically no change in color. My hair remained red from the henna instead of turning dark brown or black.

I have used the henna-and-indigo method before, so I know what kind of result genuine indigo normally gives. Based on my experience with this product, I seriously doubt its purity or quality. It may be old, ineffective, or mixed with something else.

Very disappointing experience and a complete waste of time and money. I would not recommend this product for anyone buying it to cover grey/red henna-treated hair and achieve a black color.",1,Negative
2026-09-29T01:32:06.833133,"trustworthy
I've got cables of every wattage from this company, lasts long, this cable charges my phone in super fast charging mode and makes the phone charger charge my laptop. So great buy.",5,Positive
2026-09-29T01:33:20.379106,"Purchase it without hesitation
Good Product, it is braded cable, I mostly recommend to everyone, compatibility to every device",5,Positive
2026-09-29T10:54:06.685877,It’s gigantic! A perfect for a costume I love it!!,5,Positive
2026-09-29T10:54:39.510102,Dont ever buy from this brand again. Bad quality and you will look like a mushroom if u wear it. Its super big and if u ask for a refund they dont give it,1,Negative
2026-09-29T12:50:04.697150,this is bullshit,1,Negative
2026-09-29T14:35:52.691256,"good specs, but the network card fails on all of them, don't buy",2,Negative
2026-09-29T15:46:34.725465,"good except battery life
good quality

ANC noise cancellation works well i really like this feature that you can turn off ANC?

it completely blocks the noise

sound quality is really good i like it

weight is light

battery not good, not long lasting? my old earphones were better, if you use for longer hours a days it barely lasts 1 or 1.5 days i think ? my old one lasted days even after long use",3,Neutral
